sense_key,text_snippet,doc_id,annotation_index,sense_key fixes,
1st%5:00:00:ordinal:00,"story of the Flood.
 One of the most damaging tsunami on record followed the famous Lisbon earthquake of November 1, 1755; its waves persisted for a week and were felt as far_away as the English coast. Tsunami",dKJN,157,1st%3.00.00..,
accustomed%3:00:00::,"experiments, just for safety. You should also begin this exercise with a very light barbell until you become accustomed to it balance_wise.
 Oh, you'll wobble and weave quite a_bit at_first. But don't worry.",oMBA,2042,accustomed_to%3.00.00..,
accustomed%3:00:00::,"has built his performance on the intention to reproduce as faithfully as possible exactly what Brahms set_down on_paper.
 Those accustomed to broader, more romantic statements of the symphony can be expected to react strongly when they hear this one",FxgB,1837,accustomed_to%3.00.00..,
accustomed%3:00:00::,"the sex_act so he can be supreme in at_least one area.
 More often, though, he is so accustomed to submitting to authority on the job without argument that he lives by the same rule at home.
 Some",+i7T,968,accustomed_to%3.00.00..,
accustomed%3:00:00::,"and he the receiver, nay the demander. His feeling always exacted sacrifices from her. One is so accustomed to think_of men as the privileged who need but ask and receive, and women as submissive and yielding,",rZrw,122,accustomed_to%3.00.00..,
attorney_general%1:04:00::,". Postmaster_General Burleson set_about to protect the American people against radical propaganda that might be spread through the mails. Attorney_General Palmer made a series of raids that sent more_than 4000 so-called radicals to the jails, in direct violation of",fk+Q,53,attorney_general%1.18.01..,
be%2:30:14::,"he also conducts "" Die_Meistersinger "", to be presented Aug. 8 and 12. The "" Ring "" cycles are July 26, 27, 28 and 30, and Aug. 21, 22, 23 and 25. Rudolf_Kempe",k+Gp,409,be%2.42.03..,
be%2:30:14::,"West_Branch in Factory_Point. No records are available as_to the date or extent of installation, but it may have been in 1896.
 On June_14, 1900 the Manchester_Journal reported that an electrical_engineer was installing an electric_light plant for Edward_S._Isham",qH6g,1616,occur,
be%2:30:14::,"was go_into court and have it officially changed, and this is something I don't tell everybody. That was almost forty years ago "".
 Having volunteered that he was a man of about sixty, he bounded up_the_stairs",wrQs,1710,occur,
be%2:30:14::,"very few slaves themselves, yet they had been pretty considerable carriers of them to others "".
 But that was a long_time ago. The New_England conscience became desensitized. George_W._Cable (naturalized New_Englander), writing in 1889 from",hsVx,1908,occur,
be%2:30:14::,"that he had made no such statement in 1956, and asserted that his only claim to "" pioneering "" was in 1952. The appeal_board, however, unanimously concurred in the Department's recommendation. Upon return of the",zAkC,1332,occur,
be%2:30:14::,"next succeeding day which is not a Saturday, Sunday, or legal_holiday. Since April 15, 1962, is on Sunday your return for the calendar_year 1961 will be timely filed if it is filed on or before Monday",efSq,213,occur,
be%2:30:14::,"Mayor_Terry_Schrunk, all Democrats.
 Three positions on the Oak_Lodge_Water district board_of_directors have attracted 11 candidates. The election will be Dec. 4 from 8 a. m. to 8 p. m. . Polls will be in the water office.
 Incumbent_Richard_Salter",rGVL,1117,occur,
be%2:30:14::,"W._H._Forsyth reported.
 Funeral for William_Joseph_Brett, 1926 NE 50 th Ave., who died Thursday in Portland, will be Monday 1 p. m. at the Riverview_Abbey.
 Mr._Brett, born in Brooklyn, N._Y., Dec. 15, 1886",PXff,941,occur,
be%2:30:14::,"a sister, Mrs._Birdie_Gevurtz; two brothers, Charley and Aaron_Cohn, San_Francisco; and five grandchildren.
 Services will be at 2: 30 p. m._Monday at Holman + Son Funeral_Home, with interment in Neveh_Zebek cemetery. The family",PXff,1320,occur,
be%2:30:14::,", $18.9 billion (see chart on Page One).
 The seasonal adjustment takes_into_account such factors as Easter was on April 2 this year, two_weeks earlier than in 1960, and pre-Easter buying was pushed into March.",6WF0,2077,occur,
be%2:30:14::,"just ask questions. Len_LeSourd went and lived in the slums as a sidewalk derelict for ten days.
 That was nearly 13 years ago. Len_LeSourd is my executive editor today.
 Many_of you are familiar, I'm sure",NbeH,580,occur,
be%2:30:14::,"60 yards. He moved only about 30 feet after the 240 - grain slug hit him - and this was after the bullet had passed_through a sapling.
 Three more deer have fallen to this same gun, and all",7N+7,580,occur,
be%2:30:14::,"of_it. He staggered over and dropped it on the table.
 Since Mrs._Calhoun remembered only that the marriage had been in the spring, he started to plod through several months. He tried to turn right to the society",IJrk,1468,occur,
be%2:30:14::,"it was two legs growing from his chest.
 Then there had been another head beside his own.
 Or was that after the torso and legs, waist to toe-tips, of the little girl which had grown from his",FtHl,1410,occur,
bring_together%2:35:01::,"It is worth dwelling in some detail on the crisis of this story, because it brings_together a number of characteristic elements and makes of them a curious, riddling compound obscurely but centrally significant for Mann",h7/O,16,bring%2.38.00..,together%4.02.03..
call%1:09:00::,"wrath; he must pray to be spared.
 Papa was disappointed that none of the brothers had heard the Call. Not George, Townley, or Ted, certainly not Ludie. Burt was at Hackettstown and Will at",j3qj,1607,call%1.09.16..,
call%1:09:00::,"Albany_Law_School, where they surely could not hear it. Someday God would choose him. He would hear the Call and would run to tell Papa. The stern face would relax, the black clad arms would embrace him",j3qj,1648,call%1.09.16..,
call%1:09:00::,", the black clad arms would embrace him, "" My son ""! Yet how might he know the Call when it came? Probably, as in Scriptures, a still, small voice would whisper. It would",j3qj,1681,call%1.09.16..,
call%1:09:00::,"Lillian, was the mother of John_H._Mercer. By the age of six young Johnny indicated that he had the call. One day he followed the_Irish_Jasper_Greens, the town band, to a picnic and spent the entire day listening",QZUQ,271,call%1.09.16..,
come/go,was growing dark in Bari. It was getting_on toward 7 o' clock and the German Me-210 plane had been and gone on its eighth straight visit. Capt._A._B._Jenks of the Office of Harbor_Defense was very worried. He knew,h5+u,677,be%2:38:15::,
cope_with%2:41:00::,unable to even name the elemental power which is so vividly real in_this play. We are left helpless to cope_with it because we do not dare speak of it as anything real for fear that to do so would imply,aTbD,1289,cope%2.41.00..,-
cope_with%2:41:00::,applicability to people. Will advances in human sciences help us build social_structures and governments which will enable us to cope_with people as_effectively_as the primitive combination of protein and nucleic_acid built a structure of molecules which enabled it to adapt to,pD7T,93,cope%2.41.00..,-
cope_with%2:41:00::,"transitions of life - marriage, incurable disease, widowhood, old_age, the certainty of death. He has_to cope_with frustration and other emotional_disturbance and anomie. His religious_beliefs provide him with plausible explanations for many conditions which cause him",Vkcq,688,cope%2.41.00..,-
cope_with%2:41:00::,"Circumstances gave her almost undisputed sway over child rearing, money handling and home maintenance. She found she could cope_with all kinds of problems for which she was once considered too helpless. She liked this taste of authority and",+i7T,1579,cope%2.41.00..,-
cope_with%2:41:00::,"go_far toward creating the economic atmosphere favoring growth of the individual, who, in_turn, would help us to cope_with runaway technology. Individual human strength is needed to pit against an inhuman condition. The battle is not easy",TDh5,1848,cope%2.41.00..,-
cope_with%2:41:00::,"disabled persons in the first eleven years after 1943, the existing program was still seen to be inadequate to cope_with the nation's backlog of an estimated two million disabled. To assist the States, therefore, in rehabilitating",jOcn,171,cope%2.41.00..,-
cope_with%2:41:00::,"It is obvious enough that linguists in_general have been less successful in coping_with tone_systems than with consonants or vowels. No single explanation is adequate_to account_for this. Improvement, however, is",tb7v,12,cope%2.41.00..,-
cope_with%2:41:00::,""" great service "" and laid the_matter before the Southeast_Asia_Treaty_Organization.
 SEATO was steamed up and prepared contingency plans for coping_with the military losses in Laos. But the Communists never gave sufficient provocation at any one_time for the United_States to",NAdF,1578,cope%2.41.00..,-
cope_with%2:41:00::,""" in the development of a program of federal leadership to assist states and local communities in their efforts to cope_with the problem.
 Simultaneously the President announced Thursday the appointment of David_L._Hackett, a special assistant ot the Attorney_General,",NAdF,1950,cope%2.41.00..,-
cope_with%2:41:00::,"process through our entire lives, for it is only through knowledge that we, as a nation, can cope_with the dangers that threaten our society.
 The desire and ability to read are important aspects of our cultural life",O2Eo,1878,cope%2.41.00..,-
cope_with%2:41:00::,"1930 s. In_that decade the partisan zeal to defend Mr._Hoover, and the party's failure to anticipate or cope_with the depression, caused a great majority of Americans to see the Republican_party as cold and lacking in any sympathy",TFML,1239,cope%2.41.00..,-
cope_with%2:41:00::,"1957, when the "" anti-party group "" nearly liquidated him. He seems strong enough inside the party to cope_with any internal opposition; but if he is up against China's crusading spirit in world affairs, he is",EiKO,1686,cope%2.41.00..,-
cope_with%2:41:00::,"the two major problems of pool owning - those that involve your social life and those pertaining to safety. Coping_with them demands stern discipline - of yourself as_well as of your family, neighbors, friends and anyone you ever",UODZ,607,cope%2.41.00..,-
cope_with%2:41:00::,recommend - for your own mental_health - a good long chat with your insurance_agent. You should be prepared to cope_with any pitfall such_as plunges into empty pools or shallow ends and all manner of winter as_well as summer lawsuits.,UODZ,1507,cope%2.41.00..,-
cope_with%2:41:00::,"they can create a really serious situation.
 When no medical problems exist, the newly married_couple generally prefer to cope_with the adjustments of their new relationship by themselves. Special information and guidance about the possible difficulties are still of",aB7S,972,cope%2.41.00..,-
cope_with%2:41:00::,"its simplest terms, it is an assumption of a collective duty to compensate IN the inability of individuals to cope_with the rigors of the era. National responsibility for individual welfare is a concept not limited to the United_States or",17cp,1041,cope%2.41.00..,-
cope_with%2:41:00::,", who seemed colicky, bone-weary fatigue, repeated crying episodes, and short_tempers reflected the family's helplessness in coping_with the stressful situation. Clearly, this was a family in crisis.
 Mrs._B. compared her feelings of weakness to",E5gP,144,cope%2.41.00..,-
craftsman%1:18:00::,"may be saddled with a good size milk bill by milk drinkers.
 Keep the retirement age flexible so skilled craftsmen such_as tool and die makers can be kept on_the_job for the convenience of the company. And so deadheads on",vpdU,1702,craftsman%1.18.01..,
high_sea%1:17:00::,"by their courts, to vary the law_merchant, and to enact legislation with regard_to many claims arising on the high_seas. The change was not quite so dramatic as it sounds because in_fact common norms continued to be invoked by",0jpd,2155,high_seas%1.17.00..,
lord%1:18:00::,"Atlantic coast by way of the United_States. In September 1817 at Fort_Daer (Pembina) Dickson met the noble lord whom, with the help of a band of Sioux, he escorted to Prairie_du_Chien. During the trip Selkirk",3kSw,712,lord%1.18.03..,
make_fun%2:32:00::,"silent country boy from the red_clay of rural Alabama, and he spoke with the broad drawl that others normally make_fun of. But not in_front_of Trig. I heard of some that tried it back in the States, and",TYvE,435,make_fun_of%2.32.00..,
make_fun%2:32:00::,"incident back at the Marine base. A New_York kid, a refugee from one of the Harlem gangs, made_fun of Trig's accent, and drew a knife. Before the fight was over, the Harlem boy had",TYvE,491,make_fun_of%2.32.00..,
marine%1:18:00::,"and he'd knock them clear across the room. There'd been a pretty bad incident back at the Marine base. A New_York kid, a refugee from one of the Harlem gangs, made_fun of Trig's accent",TYvE,475,marine%1.18.01..,
paint_a_picture%2:32:00::,"will be nuclear Armageddon in the immediate future.
 The evident contradiction between the rosy picture of Russia's progress painted by the Communist_party's program and the enormous dangers for all humanity posed by Premier_Khrushchev's Berlin policy has already",4Ig4,1335,paint_a_picture%2.29.00..,
president%1:18:04::,"alter existing law with respect to the ownership and control of water.
 The Secretary shall make reports to the President and the Congress at the beginning of each regular session of the action taken or instituted by him under the",Jbc5,967,president%1.18.05..,
president%1:18:04::,"an idea in his own head, the suggestions of a colleague, a question from the Secretary or the President, a proposal by another department, a communication from a foreign government or an American ambassador abroad, the",p7Ds,997,president%1.18.05..,
president%1:18:04::,"of any other of dozens of international bodies, a news_item read at the breakfast_table, a question to the President or the Secretary at a news_conference, a speech by a Senator or Congressman, an article in a periodical",p7Ds,1049,president%1.18.05..,
president%1:18:04::,"wrong tools can mean waste, at_best, and at_worst an unwanted inflammation of the problem itself. Can the President or the Secretary act under existing authority, or will new legislation and new money be required? Should the",p7Ds,1651,president%1.18.05..,
president%1:18:04::,What the American people will do turns in large degree on their leadership. We cannot test public_opinion until the President and the leaders of the country have gone to the public to explain what is required and have asked them,p7Ds,1982,president%1.18.05..,
president_of_the_united_states%1:18:00::,"assistant guru examined their purses in another room - nothing was stolen; the purpose was less immediate.
 The President_of_the_United_States proclaimed the first Sunday in November as "" National_Grandmothers_'_Day "" and urged America to say it with flowers. A",7ksl,1555,president_of_the_united_states%1.18.01..,
rbi%1:04:00::,"sensational triple-crown_season, 1959, when he batted .365 and also led the American_League in home_runs, 52, and RBIs, 130.
 Like the Yankees' slugger, Mays, the terror of the Giants, has had seasons",3kQv,1764,rbi%1.04.01..,
reacquaint%2:32:00::,"of the forgotten. Only when the newest Mr._America or Mr._Universe rediscovers them and puts them into practice are we reacquainted with them and once_again see how effective they really are.
 The exercise I shall discuss in this - the",oMBA,1465,reacquaint%2:32:00::,
ride_herd%2:38:00::,", a Mexican named Jose_Amado and a kid known only as Laredo, were picked for the first trick of riding night herd.
 The rest of the crew offsaddled their mounts and turned them into the remuda. They got",s1LD,65,ride_herd%2:38:00::,
secretary_of_the_interior%1:04:00::,"Puerto_Rico, and the territories and possessions of the United_States.
 In_order to accomplish the purposes of_this Act, the Secretary_of_the_Interior shall -
 conduct, encourage, and promote fundamental scientific research and basic studies to develop the best and most",Jbc5,189,secretary_of_the_interior%1.18.01..,
secretary_of_the_interior%1:04:00::,"water processes as compared with other standard methods.
 In carrying_out his functions under section 2 of_this Act, the Secretary may -
 acquire the services of chemists, physicists, engineers, and other personnel by contract or otherwise;",Jbc5,424,secretary_of_the_interior%1.18.01..,
secretary_of_the_interior%1:04:00::,", and with interested persons, firms, institutions, and organizations.
 Research and development activities undertaken by the Secretary shall be coordinated or conducted jointly with the Department_of_Defense to the end that developments under this Act which are primarily",Jbc5,689,secretary_of_the_interior%1.18.01..,
secretary_of_the_interior%1:04:00::,"from such research developed by Government expenditure will (with such exceptions and limitations, if any, as the Secretary may find to be necessary in the interest of national defense) be available to the general public. This",Jbc5,858,secretary_of_the_interior%1.18.01..,
secretary_of_the_interior%1:04:00::,"to deprive the owner of any background patent relating thereto of such rights as he may have thereunder.
 The Secretary may dispose of water and byproducts resulting from his operations under this Act. All moneys received from dispositions under",Jbc5,906,secretary_of_the_interior%1.18.01..,
secretary_of_the_interior%1:04:00::,"the Act shall be construed to alter existing law with respect to the ownership and control of water.
 The Secretary shall make reports to the President and the Congress at the beginning of each regular session of the action taken",Jbc5,961,secretary_of_the_interior%1.18.01..,
secretary_of_the_interior%1:04:00::,"taken or instituted by him under the provisions of_this Act and of prospective action during the ensuing year.
 The Secretary_of_the_Interior may issue rules and regulations to effectuate the purposes of_this Act.
 There are authorized to be appropriated such sums",Jbc5,1001,secretary_of_the_interior%1.18.01..,
secretary_of_the_interior%1:04:00::,"1707; 42 U._S._C. 1958 (d)), is hereby amended to read:
 The authority of the Secretary_of_the_Interior under this joint_resolution to construct, operate, and maintain demonstration plants shall terminate upon the expiration of twelve years",Jbc5,1298,secretary_of_the_interior%1.18.01..,
secretary_of_the_interior%1:04:00::,"period deemed adequate for demonstration purposes for each plant, but not to exceed such twelve year period, the Secretary shall proceed as promptly as practicable to dispose of any plants so constructed by sale to the highest bidder,",Jbc5,1354,secretary_of_the_interior%1.18.01..,
secretary_of_the_interior%1:04:00::,", 1961.
 Be it enacted by the Senate and House_of_Representatives of the United_States_of_America in Congress assembled, That the Secretary_of_the_Interior is hereby authorized and directed to make or cause to be made a study covering -
 the causes of injuries",Jbc5,1444,secretary_of_the_interior%1.18.01..,
secretary_of_the_interior%1:04:00::,"scope and adequacy of State mine safety laws applicable to such mines and the enforcement of such laws.
 The Secretary_of_the_Interior or any duly authorized representative shall be entitled to admission to, and to require reports from the operator of",Jbc5,1573,secretary_of_the_interior%1.18.01..,
secretary_of_the_interior%1:04:00::,"any place outside thereof, or between points within the same State but through any place outside thereof.
 The Secretary_of_the_Interior shall submit a report of his findings, together with recommendations for an effective safety program for metal and nonmetallic",Jbc5,1702,secretary_of_the_interior%1.18.01..,
secretary_of_the_interior%1:04:00::,", 1961.
 Be it enacted by the Senate and House_of_Representatives of the United_States_of_America in Congress assembled, That the Secretary_of_the_Interior is hereby authorized and directed to establish and maintain a program of stabilization payments to small domestic producers of lead",Jbc5,1774,secretary_of_the_interior%1.18.01..,
secretary_of_the_interior%1:04:00::,"on public, Indian, and other lands as provided in_this Act.
 Subject_to the limitations of_this Act, the Secretary shall make stabilization payments to small domestic producers upon presentation of evidence satisfactory to him of their status as such",Jbc5,1833,secretary_of_the_interior%1.18.01..,
secretary_of_the_interior%1:04:00::,"small domestic producers of lead as_long_as the market_price for common lead at New_York, New_York, as determined by the Secretary, is below 14 - 1 2 cents per pound, and such payments shall be 75 per centum of",Jbc5,1916,secretary_of_the_interior%1.18.01..,
secretary_of_the_interior%1:04:00::,"1 2 cents per pound and the average market_price for the month in_which the sale occurred as determined by the Secretary.
 Such payments shall be made to small domestic producers of zinc as_long_as the market_price for prime western zinc at",Jbc5,1962,secretary_of_the_interior%1.18.01..,
secretary_of_the_interior%1:04:00::,"domestic producers of zinc as_long_as the market_price for prime western zinc at East_Saint_Louis, Illinois, as determined by the Secretary, is below 14 - 1 2 cents per pound, and such payments shall be 55 per centum of",Jbc5,1991,secretary_of_the_interior%1.18.01..,
secretary_of_the_interior%1:04:00::,"1 2 cents per pound and the average market_price for the month in_which the sale occurred as determined by the Secretary.
 The maximum amount of payments which may be made pursuant to this Act on_account_of sales of newly mined ores",Jbc5,2037,secretary_of_the_interior%1.18.01..,
secretary_of_the_treasury%1:18:00::,"so determined shall be entered as a part of such award, and payment thereof shall be made by the Secretary_of_the_Treasury by deducting the amount thereof from the total amount paid pursuant to the award. Any agreement to_the_contrary shall be",vlS4,229,secretary_of_the_treasury%1.18.01..,
secretary_of_the_treasury%1:18:00::,with_respect_to which the Commission has jurisdiction under this title. Any and all payments required to be made by the Secretary_of_the_Treasury under this title pursuant to any award made by the Commission to the Government of the United_States shall be covered,vlS4,460,secretary_of_the_treasury%1.18.01..,
secretary_of_the_treasury%1:18:00::,", as soon as possible, and in the order of the making of such awards, certify to the Secretary_of_the_Treasury and to the Secretary_of_State copies of the awards made in favor of the Government of the United_States or of nationals",vlS4,749,secretary_of_the_treasury%1.18.01..,
secretary_of_the_treasury%1:18:00::,"future agreements which may be effected under the provisions of_this legislation.
 Subject to the limitations hereinafter provided, the Secretary_of_the_Treasury is authorized and directed to pay, as prescribed by section 8 of_this Title, an amount not exceeding the",vlS4,882,secretary_of_the_treasury%1.18.01..,
secretary_of_the_treasury%1:18:00::,". Such payments, and applications for such payments, shall be made in accordance with such regulations as the Secretary_of_the_Treasury may prescribe.
 There shall be deducted from the amount of each payment made pursuant to subsection (c)",vlS4,951,secretary_of_the_treasury%1.18.01..,
secretary_of_the_treasury%1:18:00::,"part thereof, which is made in_writing and duly acknowledged and filed, after such award is certified to the Secretary_of_the_Treasury, payment may, in the discretion of the Secretary_of_the_Treasury, be made to the assignee, as his interest",vlS4,1337,secretary_of_the_treasury%1.18.01..,
secretary_of_the_treasury%1:18:00::,"and filed, after such award is certified to the Secretary_of_the_Treasury, payment may, in the discretion of the Secretary_of_the_Treasury, be made to the assignee, as his interest may appear.
 Whenever the Secretary_of_the_Treasury, or the Comptroller_General",vlS4,1347,secretary_of_the_treasury%1.18.01..,
secretary_of_the_treasury%1:18:00::,"the discretion of the Secretary_of_the_Treasury, be made to the assignee, as his interest may appear.
 Whenever the Secretary_of_the_Treasury, or the Comptroller_General of the United_States, as the case may be, shall find that any person is",vlS4,1363,secretary_of_the_treasury%1.18.01..,
secretary_of_the_treasury%1:18:00::,"as the Yugoslav_Claims_Fund; and (2) such other special funds as may, in the discretion of the Secretary_of_the_Treasury, be required each to be a claims fund to be known by the name of the foreign government which",vlS4,1533,secretary_of_the_treasury%1.18.01..,
secretary_of_the_treasury%1:18:00::,"aforesaid funds are hereby permanently appropriated for the making of the payments authorized by section 7 of_this Title.
 The Secretary_of_the_Treasury is authorized and directed to cover into -
 the Yugoslav_Claims_Fund the sum of $17000000 being the amount paid by",vlS4,1653,secretary_of_the_treasury%1.18.01..,
secretary_of_the_treasury%1:18:00::,"with the Government of the United_States as described in subsection (a) of section 4 of_this Title.
 The Secretary_of_the_Treasury is authorized and directed out of the sums covered into any of the funds pursuant to subsection (b)",vlS4,1739,secretary_of_the_treasury%1.18.01..,
secretary_of_the_treasury%1:18:00::,"of all such awards, to make pro_rata payments on_account_of accrued interest on such awards as bear interest.
 The Secretary_of_the_Treasury, upon the concurrence of the Secretary_of_State, is authorized and directed, out of the sum covered into the",vlS4,1955,secretary_of_the_treasury%1.18.01..,
secretary_of_the_treasury%1:18:00::,"to the extent required under article 1 (c) of the Yugoslav_Claims_Agreement_of_1948. The Secretary_of_State shall certify to the Secretary_of_the_Treasury the total cost of adjudication, not borne by the claimants, attributable to the Yugoslav_Claims_Agreement_of_1948. Such certification shall",vlS4,2041,secretary_of_the_treasury%1.18.01..,
spot%1:04:01::,", in_the_middle of corps maneuvers in Japan.
 Outside of combat, he couldn't have landed in a tougher spot. First_of_all, no unit likes to have a new CO brought_in from the outside, especially when he's",Y//2,352,spot%1:26:03::,
suggest%2:32:01::,"in the opening scene, it is a quite normal community. The conversation of the characters creates an atmosphere suggesting the usual mixture of pleasures, foibles, irritations, and concerns which would characterize the common life of a",aTbD,747,suggest%2.29.05..,
suggest%2:32:01::,"; whereas, it is a matter of fact that Smith cannot drive a car. There is nothing to suggest that the brain can alter past impressions to fit into an original, realistic and unbroken continuity like we experience",M7B1,866,suggest%2:32:02::,
suggest%2:32:01::,"to the churchyard belongs_to death. But that is too simple, and won't hold_up. As the first sentence suggests, both roads belong_to death in_the_end. But the highroad, according_to the description of its traffic, belongs_to life",h7/O,1295,suggest%2:32:02::,
suggest%2:32:01::,"first two hours and a total dosage of 1980 for the four hour period, a four-fold increase. This suggests that the sampling period, particularly at the more distant locations, should have been increased.
 As can be",66vS,1097,suggest%2:32:02::,
suggest%2:32:01::,"have_to await the measurements of broods from definite localities.
 Alphonse_R_._Hoge's measurements of several very young specimens from Brazil suggest that at_birth the female is slightly larger than the male.
 I have surprisingly little information on the size and",4oio,2007,suggest%2:32:02::,
suggest%2:32:01::,"as preliminary signs that the potters were broadening their gaze. The rows of animals and birds, in_particular, suggest awareness of Oriental animal friezes, transmitted perhaps via Syrian silver bowls and textiles, but the specific forms of",t46b,2050,suggest%2:32:02::,
suggest%2:32:01::,". Planes defined as parallel to the surface also cut through it into real space, and a depth is suggested optically which is greater than that established pictorially. All this expands the oscillation between surface and depth so_as to",ZP4i,1132,suggest%2:32:02::,
suggest%2:32:01::,"strained, silent lunch.
 Rachel said, "" I 'd_better get him to bed "".
 The doctors had suggested Scotty remain most of every afternoon in bed until he was stronger.
 Since Mr._McKinley had to give a lecture",X4PR,680,suggest%2:32:00::,
suggest%2:32:01::,"in character: his quill drawings had a scratchiness, suggesting skin texture; the clay he used plastically to suggest soft moving flesh, as in an abdomen, in a reclining torso; the wax he smoothed_over to give",4yc8,1672,suggest%2:32:00::,
suggest%2:32:01::,"program?
 The key to effective marketing is wrapped_up in defining your company's marketing problems realistically. Solutions frequently suggest themselves when you accurately pinpoint your problems, whether they be in the market, in marketing methods or in",qxcZ,2050,suggest%2:32:00::,
suggest%2:32:01::,"cocktail_parties, military organizations, even in the field, are more formal. In the extreme and oversimplified example suggested in Figure 3, the organization is more easily understood and more predictable in behavior. A military organization has",xKc+,1464,suggest%2:32:00::,
suggest%2:32:01::,". He is innocent "".
 Alexander shifted his gaze to Spencer. The calmness and detachment of his tone suggested unawareness of how implicit was his own guilt in the words he had used to defend Cromwell. Alexander knew",jcdE,1856,suggest%2:29:05::,
suggest%2:32:01::,"is, and is also a girl.
 "" Why don't you walk to school then ""? I suggested. "" My father walked, through two miles of snow, in Illinois "".
 "" Did you """,twge,797,suggest%2:32:00::,
suggest%2:32:01::,"the central government might be condoned, had the victims been serving the cause of dissident Katanga.
 Does this suggest that the Congo is fit for nationhood or that UN is making any progress whatever toward its goal of so",kxs2,776,suggest%2:32:04::,
suggest%2:32:01::,"seems slated to replace the one-color look to which we have been accustomed. Just_as a varitinted Oriental rug may suggest the starting_point for a room scheme, so may some of the newest versions of embroidery.
 One such,",yFxv,1897,suggest%2:29:05::,
suggest%2:32:01::,"bronze and gold and a sauterne background. The twirled, stylized design of winding stems and floral forms strongly suggests the embroidered patterns used so extensively for upholstery during the Jacobean period in England.
 Traditional crewel embroidery which seems",yFxv,1964,suggest%2:29:05::,
suggest%2:32:01::,"to the "" special "" United_Nations' budgets, and of_course cannot be expelled from the Organization (which you suggested in your editorial), due_to the fact that there is no provision in the Charter for expulsion.
 In",NDlh,748,suggest%2:32:00::,
suggest%2:32:01::,"although few in number they are a stubborn crew, as tenacious of life as the Hardshell Baptists, which suggests that there is some kind_of vital_principle embodied in their faith. Perhaps there is more truth than we are wont_to",jEFS,678,suggest%2:32:02::,
suggest%2:32:01::,"to a back_room and reappear in the spare uniform of the harem.
 If a dancer is good, she suggests purely and superbly the fundamental mechanics of ancestry and progeny - the continuum of mankind. But a great many_of",hFuk,841,suggest%2:29:05::,
suggest%2:32:01::,") "" palindromes "", "" paraphrases "", and "" parodies "".
 "" The Tyranny of Trivia "" suggests arbitrary alphabetical associations to induce slumber. And new vistas of hairshirt asceticism are opened by scholarly monographs entitled:",op9V,893,suggest%2:29:05::,
suggest%2:32:01::,"the process of assimilation "".
 Presentation of "" The Life and Times of John_Sloan "" in the Delaware_Art_Center here suggests a current nostalgia for human values in art.
 Staged by way of announcing the gift of a large and",zEyO,994,suggest%2:29:05::,
suggest%2:32:01::,"his sojourn in the Southwest ("" Koshare in the Dust "", a vigorous Indian dance, and landscapes suggest the influence of western color on his palette).
 The fact that Sloan was an extrovert, concerned primarily",zEyO,1466,suggest%2:29:05::,
suggest%2:32:01::,"the greatest virtuosi of_all_time, believes that ultra-fast road-circuit driving is an art_form related_to ballet.
 Errors in technical terminology suggest that the over-all translation from the German may not convey quite everything Mr._Remarque hoped to tell us.
 However,",/JMu,838,suggest%2:32:02::,
suggest%2:32:01::,"pick 4 winners and give their reasons but their decisions did not affect the choice of the Judge.
 We suggested this Class in the horse world and it was accepted immediately and included in the programs of horse_shows At the",0RdR,1474,suggest%2:32:00::,
suggest%2:32:01::,"the Western nations so guide their decisions as to further the viability of other friendly nations. If internal responsibility suggests acceptance of the socialist ideal of equality, then external responsibility implies adherence to principles of ideological supranationalism.
 Reference_to",17cp,1396,suggest%2:32:02::,
suggest%2:32:01::,"Human birth was no novelty to Mr._Robards. Tillie was a fine midwife and could get here quick, he suggested. Jenny's aversion to having Dr._Dunne, a former admirer, seemed silly to him, but he would",02Xb,1320,suggest%2:32:00::,
that_much%4:02:00::,"their young charges for the gymnastics that must come some_day if our schools are really responsible, we will be that_much ahead. School_teachers, all_too unprepared for the job they must do, will need demonstrators. There should be",1O/L,811,-,much%4:02:00::
that_much%4:02:00::,"Gibby said.
 "" Me "", he said merrily. "" Me, the happy one "".
 "" That_much Latin we remember "", Gibby said dryly. "" You always live_up_to your name, always like this,",wrQs,1266,-,much%4:02:00::
that_much%4:02:00::,"reaction was: "" Three_hundred dollars! To them bums? Why, I can get them knocked_off for half that_much "". Upon which the detective bureau despatched rifle squads to prevent trouble if O_'_Banion should send his gunmen out",mGBU,1756,-,much%4:02:00::
that_much%4:02:00::,"if the electric_power fails after an attack, any time that the heater has been used will make the shelter that_much more comfortable. Body heat in the close quarters will help keep_up the temperature. Warm clothing and bedding,",s57D,1862,-,much%4:02:00::
thereunder%4:02:00::,"so construed as to deprive the owner of any background patent relating thereto of such rights as he may have thereunder.
 The Secretary may dispose of water and byproducts resulting from his operations under this Act. All moneys received",Jbc5,903,thereunder%4:02:00::,
used_to%5:00:00:accustomed_to:00,"; it is subtle and rather bland, nut like. It is a flavor that might take a_little getting used_to - not because it is unpleasant, but because the flavor is hard to define in the light of our",S6In,1687,used_to%3:00:03::,
used_to%5:00:00:accustomed_to:00,"learned audience. Publishers want books that will sell, recording_studios want discs that will not seem strange to ears used_to hillbilly and jazz music, grade and high_schools want quaint, but moral, material. The analyst is apt",hbLl,1649,used_to%3:00:03::,
used_to%5:00:00:accustomed_to:00,"yourself, take the fact for granted, try to be helpful, but don't ask questions. I'm used_to all three, but I think the_French have the healthiest attitude "".
 That was the day that Pierre had",9WLU,2092,used_to%3:00:03::,
used_to%5:00:00:accustomed_to:00,"tired beyond almost the limits of his flesh. He had ridden hard from Boston, and he was not used_to horseback. Now, driving the horse and sulky borrowed from Mynheer_Schuyler, he felt as if every bone was",sW03,437,used_to%3:00:03::,
used_to%5:00:00:accustomed_to:00,"dramatic. "" Precious and I allow each other absolute freedom. We are above being jealous. He's used_to me bringing home strange men. I'll just tell him you're my husband. He cann't object",piKr,473,used_to%3:00:03::,
used_to%5:00:00:accustomed_to:00,"We were on our vacation in Canada "", Howard explained, in a muffled voice that must have been used_to booming, "" and the news didn't catch_up_with us till we were nearly home. We came_on as_soon_as we",Do17,887,used_to%3:00:03::,
used_to%5:00:00:accustomed_to:00,"more_than just roads and wells and schools. Ask Mr._Keo "".
 Mr._Keo agreed. "" Our people have been used_to accepting things as they found them "", he said. "" Where there was no road, they lived",7Syr,1698,used_to%3:00:03::,
used_to%5:00:00:accustomed_to:00,"others, before they'd take offense, threaten to call the manager. Funny how seldom they did: used_to it, probably. The kind who came into a cheap store like this! Grab, snatch, I",2Rff,1522,used_to%3:00:03::,
widely%4:02:00::,"in_this play in_spite_of the author's convictions to_the_contrary.
 There is nothing in the whole range of human experience more widely known and universally felt than spirit. Apart from spirit there could be no community, for it is spirit",aTbD,1745,widely%4:02:01::,
widely%4:02:00::,"our Fathers: Mary's prayers / Shall win our country back to thee "". The English saints are widely venerated, quite naturally, and now there is great hope that the Forty_Martyrs and Cardinal_Newman will soon be canonized",YpBF,1426,widely%4:02:01::,
widely%4:02:00::,"their discipline as amateurs, collectors, commercial propagandists, analysts or some combination of the four. They have widely varying backgrounds and aims. They have little "" esprit_de_corps "".
 The outlook for the amateur, for_instance,",hbLl,1237,widely%4:02:01::,
widely%4:02:00::,". The best_known field of application for builders is in heavy-duty, spray-dried detergent formulations for household use. These widely advertised products, which are used primarily for washing clothes, are based on high-sudsing, synthetic organic actives (",2INC,70,widely%4:02:01::,
widely%4:02:00::,"for the numerical evaluation of detergents. Harris has indicated that two devices, the Launder-Ometer and Terg-O-Tometer are most widely used for rapid detergent testing, and he has listed the commercially available standard soiled fabrics. Also given are",2INC,617,widely%4:02:01::,
widely%4:02:00::,"most persistent, and most cohesive forms of social groupings have grown out of religion. These groups have varied widely from mere families, primitive, totemic groups, and small modern cults and sects, to the memberships of",Vkcq,1347,widely%4:02:01::,
widely%4:02:00::,"totemic groups, and small modern cults and sects, to the memberships of great denominations, and great, widely dispersed world religions. Religion fosters group life in various ways. The common ultimate values, ends and goals",Vkcq,1374,widely%4:02:01::,
widely%4:02:00::,"pace could now be accelerated, for the inhabitants of the Aegean stood_on_firm_ground.
 The landscape of Greek history broadens widely, and rather abruptly, in the eighth century B.C., the age of Homer's "" rosy fingered Dawn",t46b,1070,widely%4:02:01::,
widely%4:02:00::,"proponent.
 But to return to the main line of our inquiry. It is doubtful that Utopia is still widely read because More was medieval or even because he was a martyr - indeed, it is likely that these",cfyn,352,widely%4:02:01::,
widely%4:02:00::,many who read Utopia with interest do not even know that its author was a martyr. Utopia is still widely read because in_a_sense More stood on the margin of modernity. And if he did stand on the margins of,cfyn,394,widely%4:02:01::,
widely%4:02:00::,"by a further paradox of Cubism, that the means to an illusion of depth and plasticity had now become widely divergent from the means of representation or imaging. In the Analytical phase of their Cubism, Braque and Picasso",ZP4i,1287,widely%4:02:01::,
widely%4:02:00::,"is no part of the earth that has not had them.
 The effects of earthquakes on civilization have been widely publicized, even overemphasized. The role of an earthquake in starting the destruction of whole cities is tremendously frightening",dKJN,1815,widely%4:02:01::,
widely%4:02:00::,"schools as "" general "" high_schools. The suburban high_school, it is worth noting, also is not a widely comprehensive high_school because of the absence of vocational_programs. The reason is that there is a lack of interest on",k6lE,1560,widely%4:02:01::,
widely%4:02:00::,"a more representative selection of systems is familar to every practicing field linguist. Papers like these four, if widely read, will contribute importantly to improvement of our analytic work.
 The second need is better field techniques.",tb7v,170,widely%4:02:01::,
widely%4:02:00::,"basis.
 One other paper deals with a phonologic problem: Vowel_Harmony_in_Igbo, by J._Carnochan. This restates the already widely known facts in_terms_of prosodies. As a restatement it makes only a small contribution to knowledge of Igbo. But",tb7v,1870,widely%4:02:01::,
widely%4:02:00::,", detecting, and hard on feet.
 There was also the one salient question to ask, and ask widely: Did you notice anything out_of_the_way? Like, for_example, a man carrying a twenty-two_rifle, probably with a",Pyrp,573,widely%4:02:01::,
widely%4:02:00::,"plain, straight-out shoot-down "".
 He had lots of friends, then as always. Even as he became widely known_as a professional killer, nearly every cowboy and rancher in Wyoming seemed proud to call him a friend.",W6Rk,1343,widely%4:02:01::,